id,Plat_Num,Long,Lat
26696,1.000000000000000,148.073969,-35.978957
35673,1.000000000000000,148.218850,-35.296877
85598,1.000000000000000,149.065228,-35.497235
35672,4.000000000000000,148.218783,-35.292370
28775,1.000000000000000,148.100225,-35.063583
140347,2.000000000000000,149.987215,-35.392299
36674,1.000000000000000,148.236924,-35.400380
85583,1.000000000000000,149.063501,-35.429653
140348,1.000000000000000,149.987381,-35.396802
51418,2.000000000000000,148.490799,-35.731091
51416,1.000000000000000,148.490631,-35.722077
97923,1.000000000000000,149.266616,-35.209659
85557,1.000000000000000,149.060520,-35.312510
101769,1.000000000000000,149.324038,-34.911081
54514,1.000000000000000,148.532039,-34.991275
127334,1.000000000000000,149.771426,-35.519126
83504,1.000000000000000,149.016744,-34.876001
105882,1.000000000000000,149.416508,-35.815207
105881,1.000000000000000,149.416372,-35.810703
91750,9.000000000000000,149.164834,-35.306179
91749,1.000000000000000,149.164714,-35.301674
88635,1.000000000000000,149.127118,-35.960399
54503,1.000000000000000,148.531116,-34.941696
88634,1.000000000000000,149.126997,-35.955894
85523,1.000000000000000,149.056648,-35.159318
59617,2.000000000000000,148.633492,-35.950106
79584,1.000000000000000,148.950278,-34.841023
124236,1.000000000000000,149.697350,-34.781673
54511,1.000000000000000,148.531787,-34.977753
54510,2.000000000000000,148.531703,-34.973246
75458,1.000000000000000,148.890843,-35.346837
102790,1.000000000000000,149.345971,-35.104478
36652,3.000000000000000,148.235413,-35.301217
136678,1.000000000000000,149.913341,-35.020057
47974,1.000000000000000,148.420943,-34.902460
37682,1.000000000000000,148.255539,-35.535429
88618,1.000000000000000,149.125068,-35.883815
45945,1.000000000000000,148.402309,-36.043181
55475,3.000000000000000,148.547029,-34.914445
86567,1.000000000000000,149.080711,-35.456402
120092,1.000000000000000,149.639952,-35.206597
97883,3.000000000000000,149.261628,-35.029455
97882,1.000000000000000,149.261504,-35.024950
76463,2.000000000000000,148.910211,-35.468237
76462,43.000000000000000,148.910104,-35.463731
75455,1.000000000000000,148.890528,-35.333318
128306,1.000000000000000,149.787015,-35.491727
36617,1.000000000000000,148.233024,-35.143455
49325,1.000000000000000,148.446553,-35.114045
138673,1.000000000000000,149.952514,-35.194867
119551,1.000000000000000,149.645302,-35.706735
93739,1.000000000000000,149.201847,-35.454252
89611,1.000000000000000,149.143498,-35.951093
128295,4.000000000000000,149.785305,-35.442194
128294,2.000000000000000,149.785150,-35.437691
51314,1.000000000000000,148.482163,-35.262381
77441,1.000000000000000,148.926735,-35.467974
77447,1.000000000000000,148.927380,-35.495009
63681,1.000000000000000,148.689001,-35.165004
138665,1.000000000000000,149.951210,-35.158847
41764,7.000000000000000,148.315838,-34.831509
63680,1.000000000000000,148.688908,-35.160497
143854,1.000000000000000,150.034417,-35.035114
98623,2.000000000000000,149.283668,-35.425688
56472,22.000000000000000,148.565071,-34.999869
87566,1.000000000000000,149.099692,-35.550728
87564,4.000000000000000,149.099457,-35.541717
84930,1.000000000000000,149.052377,-35.425335
136619,1.000000000000000,149.903971,-34.754382
71265,2.000000000000000,148.823916,-35.550709
62680,1.000000000000000,148.670420,-35.061578
83922,16.000000000000000,149.032472,-35.290447
83921,1.000000000000000,149.032360,-35.285941
71269,2.000000000000000,148.824325,-35.568733
116400,1.000000000000000,149.564656,-34.730455
84936,2.000000000000000,149.053064,-35.452368
71273,2.000000000000000,148.824734,-35.586757
63674,1.000000000000000,148.688350,-35.133457
125658,1.000000000000000,149.736866,-35.312607
126672,1.000000000000000,149.758869,-35.474348
115366,1.000000000000000,149.581244,-35.946979
71249,2.000000000000000,148.822286,-35.478612
71248,1.000000000000000,148.822184,-35.474106
111998,1.000000000000000,149.510552,-35.461745
81544,1.000000000000000,148.983504,-34.858517
145855,1.000000000000000,150.074876,-35.236883
75388,1.000000000000000,148.883547,-35.031408
88047,1.000000000000000,149.090896,-34.780085
86992,1.000000000000000,149.097864,-35.902322
88046,1.000000000000000,149.090782,-34.775579
137592,1.000000000000000,149.919546,-34.731475
37096,1.000000000000000,148.249140,-35.833014
84906,3.000000000000000,149.049640,-35.317202
84904,3.000000000000000,149.049413,-35.308191
85926,1.000000000000000,149.070969,-35.506151
75347,1.000000000000000,148.879326,-34.846648
71244,2.000000000000000,148.821777,-35.456081
108841,1.000000000000000,149.469770,-35.926793
82854,1.000000000000000,149.006028,-34.885194
68103,1.000000000000000,148.778586,-35.993116
75348,1.000000000000000,148.879428,-34.851155
97250,1.000000000000000,149.253026,-35.115257
34982,1.000000000000000,148.205253,-35.121193
36000,1.000000000000000,148.224416,-35.301329
44269,1.000000000000000,148.370977,-35.836194
91099,2.000000000000000,149.153962,-35.310881
91098,2.000000000000000,149.153842,-35.306375
91097,7.000000000000000,149.153723,-35.301870
85914,1.000000000000000,149.069582,-35.452086
98276,3.000000000000000,149.275506,-35.331190
115318,1.000000000000000,149.574246,-35.730810
91100,5.000000000000000,149.154081,-35.315386
78422,1.000000000000000,148.943583,-35.481226
29103,2.000000000000000,148.105829,-35.072549
35995,1.000000000000000,148.224077,-35.278792
35994,1.000000000000000,148.224009,-35.274284
35999,2.000000000000000,148.224348,-35.296822
35998,2.000000000000000,148.224281,-35.292314
35996,2.000000000000000,148.224145,-35.283299
88962,1.000000000000000,149.132781,-35.964805
35972,1.000000000000000,148.222521,-35.175119
54350,1.000000000000000,148.540369,-35.721451
78414,1.000000000000000,148.942716,-35.445180
88960,1.000000000000000,149.132538,-35.955795
45293,1.000000000000000,148.391210,-36.043311
55334,1.000000000000000,148.557474,-35.748277
118361,1.000000000000000,149.598097,-34.752283
118360,1.000000000000000,149.597956,-34.747778
61539,3.000000000000000,148.663537,-35.796439
78386,4.000000000000000,148.939693,-35.319017
56355,1.000000000000000,148.577893,-35.941835
80416,1.000000000000000,148.980845,-35.651902
78388,3.000000000000000,148.939908,-35.328028
88944,2.000000000000000,149.130603,-35.883717
85866,1.000000000000000,149.064072,-35.235821
85865,1.000000000000000,149.063958,-35.231315
92075,13.000000000000000,149.170210,-35.301575
50178,1.000000000000000,148.474025,-36.019784
88959,1.000000000000000,149.132417,-35.951290
36995,2.000000000000000,148.242083,-35.377787
127643,1.000000000000000,149.774300,-35.442447
92076,4.000000000000000,149.170330,-35.306080
88930,3.000000000000000,149.128916,-35.820647
27996,1.000000000000000,148.095900,-35.960727
76788,2.000000000000000,148.915612,-35.463644
36996,1.000000000000000,148.242153,-35.382294
88939,1.000000000000000,149.130000,-35.861192
88936,2.000000000000000,149.129638,-35.847677
75272,1.000000000000000,148.900236,-35.977729
88942,1.000000000000000,149.130362,-35.874707
88940,1.000000000000000,149.130121,-35.865697
36978,2.000000000000000,148.240911,-35.301161
128641,1.000000000000000,149.793926,-35.532126
136464,2.000000000000000,149.925961,-35.524487
29038,1.000000000000000,148.101904,-34.779533
81412,2.000000000000000,148.999430,-35.732727
125535,2.000000000000000,149.718446,-34.758668
78337,1.000000000000000,148.934447,-35.098223
89937,9.000000000000000,149.149038,-35.950994
135424,1.000000000000000,149.899423,-35.245724
55800,4.000000000000000,148.552416,-34.909868
76757,1.000000000000000,148.912310,-35.323961
76756,2.000000000000000,148.912204,-35.319455
79364,5.000000000000000,148.956185,-35.318751
136452,4.000000000000000,149.924001,-35.470457
59402,1.000000000000000,148.614012,-34.981196
117254,8.000000000000000,149.604455,-35.640026
59406,1.000000000000000,148.614366,-34.999224
87894,2.000000000000000,149.105441,-35.559642
117258,1.000000000000000,149.605040,-35.658040
44159,1.000000000000000,148.362550,-35.340424
44158,1.000000000000000,148.362474,-35.335917
136944,1.000000000000000,149.909269,-34.749748
32818,3.000000000000000,148.174536,-35.653452
107194,1.000000000000000,149.439731,-35.850792
88880,1.000000000000000,149.122932,-35.595393
87900,1.000000000000000,149.106148,-35.586673
144700,1.000000000000000,150.078507,-35.908211
94039,1.000000000000000,149.204161,-35.337020
128623,1.000000000000000,149.791119,-35.451073
144679,1.000000000000000,150.074850,-35.813678
128622,1.000000000000000,149.790964,-35.446570
128621,1.000000000000000,149.790808,-35.442067
37972,1.000000000000000,148.258524,-35.373109
86860,1.000000000000000,149.082392,-35.307627
78825,1.000000000000000,148.957542,-35.828069
129611,1.000000000000000,149.809196,-35.495719
73641,1.000000000000000,148.872414,-35.973659
71612,2.000000000000000,148.831585,-35.645250
136943,2.000000000000000,149.909111,-34.745245
42090,1.000000000000000,148.321305,-34.831450
85788,1.000000000000000,149.055242,-34.884372
42089,1.000000000000000,148.321233,-34.826943
98927,2.000000000000000,149.286373,-35.326478
116726,1.000000000000000,149.570112,-34.730340
77759,1.000000000000000,148.931380,-35.431839
42092,1.000000000000000,148.321449,-34.840465
126509,1.000000000000000,149.734223,-34.740286
134844,1.000000000000000,149.900045,-35.570177
71596,2.000000000000000,148.829942,-35.573155
37964,1.000000000000000,148.257964,-35.337050
129599,1.000000000000000,149.807316,-35.441684
106110,1.000000000000000,149.408770,-35.373678
99950,1.000000000000000,149.308645,-35.528878
99949,1.000000000000000,149.308516,-35.524373
77734,5.000000000000000,148.928697,-35.319192
77733,1.000000000000000,148.928590,-35.314687
115692,1.000000000000000,149.586783,-35.946860
48215,1.000000000000000,148.440167,-35.988642
125444,1.000000000000000,149.748554,-35.817082
85232,1.000000000000000,149.055137,-35.317109
45137,1.000000000000000,148.379052,-35.340237
135863,1.000000000000000,149.923304,-35.754375
144127,1.000000000000000,150.031098,-34.796348
78779,2.000000000000000,148.952477,-35.620814
87833,4.000000000000000,149.098299,-35.284815
31483,1.000000000000000,148.150445,-35.513937
71567,1.000000000000000,148.826979,-35.442480
87836,4.000000000000000,149.098648,-35.298331
77696,1.000000000000000,148.924647,-35.147965
32506,5.000000000000000,148.169934,-35.716608
32505,5.000000000000000,148.169868,-35.712100
51574,1.000000000000000,148.482260,-34.964843
46172,1.000000000000000,148.400000,-35.596948
29429,1.000000000000000,148.111312,-35.072499
75672,1.000000000000000,148.884689,-34.842057
57776,1.000000000000000,148.586980,-34.999585
80789,1.000000000000000,148.991638,-35.863566
78762,1.000000000000000,148.950618,-35.544217
36326,2.000000000000000,148.229915,-35.301273
85228,1.000000000000000,149.054681,-35.299086
36325,2.000000000000000,148.229846,-35.296766
68429,1.000000000000000,148.784131,-35.993034
134769,1.000000000000000,149.887966,-35.232478
86257,1.000000000000000,149.077059,-35.528583
51559,5.000000000000000,148.481044,-34.897235
83179,3.000000000000000,149.011386,-34.880598
50572,1.000000000000000,148.463912,-34.856867
135825,1.000000000000000,149.917068,-35.583285
77685,1.000000000000000,148.923481,-35.098398
77684,1.000000000000000,148.923375,-35.093892
116656,3.000000000000000,149.601331,-35.883453
78740,1.000000000000000,148.948222,-35.445091
120792,1.000000000000000,149.657995,-35.422532
92403,1.000000000000000,149.175947,-35.310487
92402,3.000000000000000,149.175826,-35.305982
92401,16.000000000000000,149.175705,-35.301476
86240,14.000000000000000,149.075089,-35.451991
92405,1.000000000000000,149.176188,-35.319497
68389,1.000000000000000,148.780089,-35.812799
142995,1.000000000000000,150.037974,-35.571284
141978,1.000000000000000,150.014873,-35.396118
80762,1.000000000000000,148.988602,-35.741921
36298,1.000000000000000,148.228011,-35.175063
89301,1.000000000000000,149.139904,-36.023269
66343,3.000000000000000,148.738099,-35.407731
136847,1.000000000000000,149.940869,-35.780984
89308,1.000000000000000,149.140758,-36.054803
96003,1.000000000000000,149.238143,-35.372454
96002,16.000000000000000,149.238019,-35.367949
86233,1.000000000000000,149.074279,-35.420453
96001,17.000000000000000,149.237894,-35.363444
96000,8.000000000000000,149.237770,-35.358939
61865,1.000000000000000,148.669068,-35.796363
56681,1.000000000000000,148.583434,-35.941762
86239,2.000000000000000,149.074973,-35.447486
86238,2.000000000000000,149.074857,-35.442981
32432,1.000000000000000,148.165098,-35.383062
96004,1.000000000000000,149.238268,-35.376959
43503,2.000000000000000,148.351249,-35.322519
78699,2.000000000000000,148.943789,-35.260351
124878,2.000000000000000,149.706796,-34.736392
78698,2.000000000000000,148.943681,-35.255846
89265,3.000000000000000,149.135534,-35.861094
37313,1.000000000000000,148.247032,-35.341671
89264,1.000000000000000,149.135413,-35.856589
87237,2.000000000000000,149.093828,-35.537308
89270,25.000000000000000,149.136139,-35.883618
86192,1.000000000000000,149.069564,-35.235727
78673,1.000000000000000,148.940998,-35.143196
78672,1.000000000000000,148.940891,-35.138690
37324,1.000000000000000,148.247795,-35.391252
75598,1.000000000000000,148.905779,-35.977641
86206,2.000000000000000,149.071169,-35.298805
93387,1.000000000000000,149.193166,-35.337220
138816,1.000000000000000,149.976204,-35.838694
31384,1.000000000000000,148.144148,-35.067685
138823,1.000000000000000,149.977383,-35.870208
136789,1.000000000000000,149.931305,-35.519850
86178,1.000000000000000,149.067963,-35.172648
79705,1.000000000000000,148.963318,-35.386249
37304,2.000000000000000,148.246410,-35.301104
89263,2.000000000000000,149.135293,-35.852084
78663,1.000000000000000,148.939930,-35.098136
135750,1.000000000000000,149.904912,-35.245592
145029,1.000000000000000,150.084565,-35.921573
89261,1.000000000000000,149.135051,-35.843074
128947,1.000000000000000,149.796311,-35.441939
85135,1.000000000000000,149.044194,-34.880051
128946,1.000000000000000,149.796155,-35.437436
38329,1.000000000000000,148.266214,-35.512777
27238,1.000000000000000,148.078354,-35.483046
89239,3.000000000000000,149.132400,-35.743964
128950,1.000000000000000,149.796778,-35.455448
81719,4.000000000000000,149.002814,-35.647031
78670,1.000000000000000,148.940678,-35.129678
89238,1.000000000000000,149.132280,-35.739459
81718,2.000000000000000,149.002701,-35.642526
88222,1.000000000000000,149.111191,-35.568556
88221,2.000000000000000,149.111072,-35.564051
79690,2.000000000000000,148.961683,-35.318662
136778,3.000000000000000,149.929505,-35.470323
80675,2.000000000000000,148.978944,-35.349933
128952,1.000000000000000,149.797090,-35.464454
138810,1.000000000000000,149.975195,-35.811682
124825,1.000000000000000,149.742621,-35.965930
117579,11.000000000000000,149.609825,-35.635403
121710,2.000000000000000,149.665623,-35.151951
80677,1.000000000000000,148.979164,-35.358945
87184,2.000000000000000,149.087656,-35.298522
117580,20.000000000000000,149.609972,-35.639906
143974,1.000000000000000,150.054676,-35.575367
79674,2.000000000000000,148.959944,-35.246568
79673,2.000000000000000,148.959836,-35.242062
50435,1.000000000000000,148.473802,-35.708762
64857,1.000000000000000,148.724514,-36.057008
129926,1.000000000000000,149.812975,-35.446058
27200,2.000000000000000,148.076076,-35.311757
114674,1.000000000000000,149.564356,-35.767075
71913,2.000000000000000,148.834533,-35.532517
27206,2.000000000000000,148.076434,-35.338803
57659,1.000000000000000,148.600059,-35.941541
137753,1.000000000000000,149.945524,-35.456414
137752,3.000000000000000,149.945359,-35.451912
87183,1.000000000000000,149.087541,-35.294016
57661,1.000000000000000,148.600240,-35.950554
57660,1.000000000000000,148.600149,-35.946048
51941,1.000000000000000,148.491091,-35.149570
141860,1.000000000000000,149.995337,-34.864834
71893,2.000000000000000,148.832485,-35.442396
43394,1.000000000000000,148.343171,-34.831211
38283,1.000000000000000,148.262974,-35.305441
42415,1.000000000000000,148.326699,-34.826883
43393,1.000000000000000,148.343098,-34.826703
80651,3.000000000000000,148.976313,-35.241794
29289,1.000000000000000,148.117378,-35.910944
80650,4.000000000000000,148.976203,-35.237288
40312,5.000000000000000,148.301256,-35.634118
135164,1.000000000000000,149.904581,-35.543029
38285,1.000000000000000,148.263114,-35.314456
41375,1.000000000000000,148.324167,-36.017024
139808,2.000000000000000,149.995164,-35.901308
137741,1.000000000000000,149.943555,-35.402385
54528,1.000000000000000,148.533217,-35.054374
79647,2.000000000000000,148.957024,-35.124907
142893,1.000000000000000,150.020817,-35.112065
79646,1.000000000000000,148.956916,-35.120401
77027,1.000000000000000,148.911884,-35.071535
28223,1.000000000000000,148.095315,-35.514450
135150,1.000000000000000,149.902309,-35.479994
35123,1.000000000000000,148.214764,-35.756734
142875,11.000000000000000,150.017829,-35.031022
39254,1.000000000000000,148.278973,-35.273716
72909,2.000000000000000,148.852938,-35.613371
132049,2.000000000000000,149.826662,-34.729160
136187,2.000000000000000,149.928497,-35.745236
45464,1.000000000000000,148.384630,-35.344681
77017,1.000000000000000,148.910834,-35.026473
80111,2.000000000000000,148.977661,-35.746609
89139,1.000000000000000,149.120513,-35.293442
58103,2.000000000000000,148.592545,-35.004020
123702,1.000000000000000,149.703902,-35.313349
89138,4.000000000000000,149.120395,-35.288937
89136,3.000000000000000,149.120160,-35.279926
102251,2.000000000000000,149.349717,-35.613718
68738,1.000000000000000,148.787948,-35.916353
89140,3.000000000000000,149.120630,-35.297948
78059,1.000000000000000,148.934088,-35.314599
95344,4.000000000000000,149.226277,-35.341122
136146,1.000000000000000,149.921761,-35.560640
143896,1.000000000000000,150.041446,-35.224209
95348,1.000000000000000,149.226771,-35.359142
54997,1.000000000000000,148.550984,-35.698776
103309,1.000000000000000,149.376979,-35.973735
119555,4.000000000000000,149.645898,-35.724748
101215,1.000000000000000,149.325626,-35.352772
49853,1.000000000000000,148.468561,-36.024358
143874,1.000000000000000,150.037756,-35.125160
93252,1.000000000000000,149.176969,-34.728990
119556,1.000000000000000,149.646047,-35.729252
102239,2.000000000000000,149.348137,-35.559665
124709,1.000000000000000,149.724774,-35.443576
81088,2.000000000000000,148.994129,-35.741829
82968,1.000000000000000,149.018675,-35.398859
68729,1.000000000000000,148.787036,-35.875800
146431,1.000000000000000,150.072987,-34.894441
46432,1.000000000000000,148.400355,-35.299420
96321,2.000000000000000,149.242646,-35.336312
143323,1.000000000000000,150.043825,-35.580148
74942,1.000000000000000,148.894262,-35.959794
46443,1.000000000000000,148.401210,-35.348998
76975,2.000000000000000,148.906449,-34.837210
79040,4.000000000000000,148.950904,-35.327851
29191,1.000000000000000,148.111233,-35.469224
116931,8.000000000000000,149.599376,-35.653656
102195,1.000000000000000,149.342381,-35.361463
116935,1.000000000000000,149.599960,-35.671670
116933,1.000000000000000,149.599668,-35.662663
116932,4.000000000000000,149.599522,-35.658159
81087,1.000000000000000,148.994016,-35.737324
90145,1.000000000000000,149.140326,-35.419301
57007,1.000000000000000,148.588976,-35.941689
78009,2.000000000000000,148.928752,-35.089299
32762,3.000000000000000,148.170863,-35.401039
32760,1.000000000000000,148.170732,-35.392024
66665,1.000000000000000,148.743216,-35.389626
50823,1.000000000000000,148.484528,-35.988101
66670,1.000000000000000,148.743701,-35.412158
142267,1.000000000000000,150.014180,-35.229398
97339,2.000000000000000,149.264179,-35.516200
79039,3.000000000000000,148.950796,-35.323345
81071,1.000000000000000,148.992222,-35.665236
66641,1.000000000000000,148.740894,-35.281473
27588,1.000000000000000,148.085321,-35.591177
97315,2.000000000000000,149.261150,-35.408083
69730,1.000000000000000,148.806000,-35.979185
86519,1.000000000000000,149.075170,-35.240139
79014,1.000000000000000,148.948097,-35.210698
77998,1.000000000000000,148.927586,-35.039731
97318,1.000000000000000,149.261528,-35.421598
97316,2.000000000000000,149.261276,-35.412588
126183,3.000000000000000,149.728767,-34.740409
114869,1.000000000000000,149.551164,-35.176952
126182,1.000000000000000,149.728619,-34.735905
79021,2.000000000000000,148.948851,-35.242239
78995,1.000000000000000,148.946055,-35.125084
90119,1.000000000000000,149.137235,-35.302163
51793,1.000000000000000,148.500480,-35.951843
97298,3.000000000000000,149.259014,-35.331499
139140,1.000000000000000,149.981396,-35.829553
90116,1.000000000000000,149.136880,-35.288647
129273,7.000000000000000,149.801813,-35.441812
129272,6.000000000000000,149.801657,-35.437309
78997,3.000000000000000,148.946270,-35.134096
129279,1.000000000000000,149.802751,-35.468829
41218,1.000000000000000,148.312533,-35.309421
78996,1.000000000000000,148.946162,-35.129590
80013,2.000000000000000,148.966853,-35.305055
45348,1.000000000000000,148.375821,-34.821829
89555,1.000000000000000,149.136722,-35.698816
79001,1.000000000000000,148.946699,-35.152120
79000,1.000000000000000,148.946592,-35.147614
31689,2.000000000000000,148.148306,-34.972969
117906,21.000000000000000,149.615489,-35.639786
123089,1.000000000000000,149.698764,-35.489228
137093,2.000000000000000,149.933210,-35.420663
123088,2.000000000000000,149.698614,-35.484725
137092,1.000000000000000,149.933047,-35.416160
89556,1.000000000000000,149.136843,-35.703321
94234,1.000000000000000,149.193818,-34.746718
79995,2.000000000000000,148.964893,-35.223949
123092,1.000000000000000,149.699216,-35.502738
137097,2.000000000000000,149.933864,-35.438672
79994,2.000000000000000,148.964785,-35.219443
47363,1.000000000000000,148.413174,-35.087389
137096,1.000000000000000,149.933700,-35.434170
89566,1.000000000000000,149.138047,-35.748371
79999,1.000000000000000,148.965328,-35.241973
57986,1.000000000000000,148.605691,-35.945974
79996,3.000000000000000,148.965002,-35.228455
73837,2.000000000000000,148.864277,-35.387818
69705,1.000000000000000,148.803440,-35.866540
89541,2.000000000000000,149.135042,-35.635745
77945,1.000000000000000,148.922007,-34.800901
35493,1.000000000000000,148.223337,-35.954988
42744,2.000000000000000,148.332383,-34.840346
89548,1.000000000000000,149.135881,-35.667280
42751,2.000000000000000,148.332892,-34.871899
117903,7.000000000000000,149.615048,-35.626276
53842,27.000000000000000,148.519421,-34.901269
41701,2.000000000000000,148.329715,-36.016963
50763,1.000000000000000,148.479495,-35.717707
51774,1.000000000000000,148.498864,-35.866220
38622,1.000000000000000,148.269389,-35.363979
137062,1.000000000000000,149.928163,-35.281084
81005,14.000000000000000,148.984885,-35.367866
63131,1.000000000000000,148.687578,-35.624817
40626,2.000000000000000,148.305897,-35.579973
27535,2.000000000000000,148.082115,-35.352277
143230,1.000000000000000,150.028131,-35.161453
107282,1.000000000000000,149.413187,-34.778627
38597,1.000000000000000,148.267630,-35.251294
88485,1.000000000000000,149.109288,-35.284624
94691,2.000000000000000,149.215157,-35.336819
88484,1.000000000000000,149.109171,-35.280118
32657,1.000000000000000,148.164098,-34.927734
48870,2.000000000000000,148.451505,-36.002028
75810,5.000000000000000,148.899089,-35.463905
78930,1.000000000000000,148.939136,-34.832185
89519,1.000000000000000,149.132411,-35.536631
129215,1.000000000000000,149.792814,-35.180632
101594,1.000000000000000,149.338029,-35.591411
101592,2.000000000000000,149.337767,-35.582402
142171,1.000000000000000,149.998348,-34.797160
52757,3.000000000000000,148.515902,-35.888544
82315,5.000000000000000,149.007558,-35.394536
52756,2.000000000000000,148.515817,-35.884037
74809,1.000000000000000,148.880157,-35.360526
82316,4.000000000000000,149.007670,-35.399042
131886,2.000000000000000,149.846626,-35.463295
124054,1.000000000000000,149.713315,-35.430314
80948,1.000000000000000,148.978635,-35.111033
28521,1.000000000000000,148.099110,-35.388189
34442,1.000000000000000,148.201743,-35.626136
36475,2.000000000000000,148.240249,-35.972845
124063,2.000000000000000,149.714677,-35.470844
79915,2.000000000000000,148.956278,-34.863466
33397,1.000000000000000,148.180757,-35.324304
33404,1.000000000000000,148.181216,-35.355857
69059,1.000000000000000,148.792978,-35.893741
83296,1.000000000000000,149.024403,-35.407778
118866,1.000000000000000,149.629384,-35.558362
95670,6.000000000000000,149.231775,-35.341020
84316,3.000000000000000,149.045708,-35.596730
95669,6.000000000000000,149.231651,-35.336515
55817,1.000000000000000,148.553861,-34.986489
85343,2.000000000000000,149.067953,-35.817205
119888,1.000000000000000,149.652467,-35.756150
40569,1.000000000000000,148.301753,-35.323062
96656,2.000000000000000,149.249269,-35.376754
139009,1.000000000000000,149.959634,-35.239759
119892,1.000000000000000,149.653065,-35.774163
144203,1.000000000000000,150.043739,-35.138529
41629,1.000000000000000,148.324306,-35.692469
94639,1.000000000000000,149.208798,-35.102549
134396,1.000000000000000,149.875025,-35.020972
104615,1.000000000000000,149.399416,-35.982301
144204,1.000000000000000,150.043907,-35.143032
78872,1.000000000000000,148.962772,-36.039822
83266,2.000000000000000,149.021033,-35.272608
88409,1.000000000000000,149.100478,-34.942199
29534,1.000000000000000,148.117805,-35.545800
28450,1.000000000000000,148.094802,-35.068140
119881,3.000000000000000,149.651421,-35.724627
28448,2.000000000000000,148.094682,-35.059125
96655,3.000000000000000,149.249144,-35.372249
118843,1.000000000000000,149.626008,-35.454780
47755,2.000000000000000,148.423848,-35.384797
126021,1.000000000000000,149.748012,-35.479102
82233,1.000000000000000,148.998480,-35.025061
79347,4.000000000000000,148.954343,-35.242151
65044,1.000000000000000,148.716560,-35.430578
65049,1.000000000000000,148.717039,-35.453109
79348,4.000000000000000,148.954452,-35.246657
66984,1.000000000000000,148.748038,-35.358002
64005,1.000000000000000,148.694303,-35.155914
64004,1.000000000000000,148.694209,-35.151407
84247,1.000000000000000,149.037855,-35.285849
137427,1.000000000000000,149.940021,-35.456548
137426,2.000000000000000,149.939857,-35.452046
137425,4.000000000000000,149.939693,-35.447543
137424,1.000000000000000,149.939529,-35.443041
85266,1.000000000000000,149.059029,-35.470296
97662,1.000000000000000,149.269309,-35.502582
64015,1.000000000000000,148.695238,-35.200980
44624,1.000000000000000,148.378777,-35.966826
35345,1.000000000000000,148.213218,-35.287918
137428,2.000000000000000,149.940185,-35.461051
79328,2.000000000000000,148.952293,-35.156538
85270,1.000000000000000,149.059489,-35.488318
142583,1.000000000000000,150.017999,-35.184239
79335,2.000000000000000,148.953047,-35.188080
93533,3.000000000000000,149.211237,-35.994933
85269,1.000000000000000,149.059374,-35.483813
46728,1.000000000000000,148.403521,-35.164140
142582,1.000000000000000,150.017832,-35.179736
84252,1.000000000000000,149.038420,-35.308377
97643,1.000000000000000,149.266905,-35.416990
80323,1.000000000000000,148.970602,-35.232872
80327,2.000000000000000,148.971039,-35.250895
120847,1.000000000000000,149.666188,-35.670221
117226,1.000000000000000,149.600373,-35.513924
48742,1.000000000000000,148.441080,-35.425165
85254,1.000000000000000,149.057652,-35.416231
137419,2.000000000000000,149.938710,-35.420529
30504,1.000000000000000,148.133843,-35.509586
26875,1.000000000000000,148.070636,-35.316313
26873,1.000000000000000,148.070517,-35.307298
90446,1.000000000000000,149.142850,-35.306571
26879,1.000000000000000,148.070873,-35.334344
79320,1.000000000000000,148.951432,-35.120490
85262,6.000000000000000,149.058570,-35.452274
90445,1.000000000000000,149.142731,-35.302065
90444,2.000000000000000,149.142612,-35.297560
97624,1.000000000000000,149.264511,-35.331397
34329,2.000000000000000,148.194215,-35.116794
89366,2.000000000000000,149.114467,-34.847294
27897,1.000000000000000,148.089802,-35.514500
34335,1.000000000000000,148.194610,-35.143839
80308,1.000000000000000,148.968970,-35.165283
119817,1.000000000000000,149.641931,-35.436405
77228,1.000000000000000,148.933494,-35.977197
70023,1.000000000000000,148.808157,-35.830410
51090,2.000000000000000,148.485105,-35.722146
70026,1.000000000000000,148.808464,-35.843928
136397,1.000000000000000,149.915083,-35.222814
70028,1.000000000000000,148.808669,-35.852939
102481,1.000000000000000,149.342684,-35.181167
91427,5.000000000000000,149.159698,-35.319793
91426,43.000000000000000,149.159578,-35.315288
91424,7.000000000000000,149.159338,-35.306277
131228,1.000000000000000,149.834670,-35.436537
80278,1.000000000000000,148.965721,-35.030104
37385,1.000000000000000,148.252060,-35.666195
82642,3.000000000000000,149.013172,-35.398951
82640,1.000000000000000,149.012948,-35.389939
88810,7.000000000000000,149.114666,-35.280022
91423,19.000000000000000,149.159218,-35.301772
88814,1.000000000000000,149.115135,-35.298044
135316,1.000000000000000,149.882303,-34.759404
143580,1.000000000000000,150.037640,-35.269369
33751,1.000000000000000,148.188106,-35.450459
45601,1.000000000000000,148.395329,-35.962127
124385,6.000000000000000,149.719575,-35.452707
124384,3.000000000000000,149.719423,-35.448204
105533,1.000000000000000,149.407853,-35.711723
76137,62.000000000000000,148.904703,-35.468324
76136,78.000000000000000,148.904597,-35.463818
28882,2.000000000000000,148.106775,-35.545902
34772,1.000000000000000,148.207534,-35.644110
30914,1.000000000000000,148.144755,-35.888147
79262,2.000000000000000,148.945237,-34.859135
62397,1.000000000000000,148.668893,-35.255441
72014,1.000000000000000,148.845014,-35.987605
119216,1.000000000000000,149.638445,-35.666325
140458,1.000000000000000,150.005889,-35.892028
145575,1.000000000000000,150.077238,-35.444113
82614,2.000000000000000,149.010045,-35.272791
122272,1.000000000000000,149.663438,-34.746363
120248,1.000000000000000,149.663106,-35.909138
98807,1.000000000000000,149.271346,-34.785865
84624,1.000000000000000,149.049158,-35.515538
27799,1.000000000000000,148.083896,-35.072747
99340,1.000000000000000,149.303045,-35.718282
81257,2.000000000000000,148.982265,-35.034342
96998,1.000000000000000,149.256779,-35.448730
83622,1.000000000000000,149.029907,-35.407685
87753,1.000000000000000,149.089077,-34.924365
89791,1.000000000000000,149.131503,-35.293249
122271,1.000000000000000,149.663293,-34.741859
89790,6.000000000000000,149.131385,-35.288744
122270,1.000000000000000,149.663149,-34.737355
62347,1.000000000000000,148.664299,-35.030106
120208,1.000000000000000,149.657093,-35.729008
95999,61.000000000000000,149.237646,-35.354434
125358,1.000000000000000,149.735323,-35.429817
95998,18.000000000000000,149.237521,-35.349929
95997,2.000000000000000,149.237397,-35.345424
120218,1.000000000000000,149.658591,-35.774041
96986,2.000000000000000,149.255271,-35.394671
111671,1.000000000000000,149.504908,-35.457355
96985,1.000000000000000,149.255145,-35.390167
96984,1.000000000000000,149.255020,-35.385662
48080,1.000000000000000,148.429272,-35.380225
43954,1.000000000000000,148.366293,-35.885831
140415,1.000000000000000,149.998601,-35.698445
69368,1.000000000000000,148.796786,-35.817058
54067,1.000000000000000,148.538578,-35.915300
96988,7.000000000000000,149.255522,-35.403681
41927,1.000000000000000,148.327743,-35.566211
48085,1.000000000000000,148.429670,-35.402760
63350,6.000000000000000,148.683049,-35.142547
54068,1.000000000000000,148.538665,-35.919807
74023,1.000000000000000,148.855440,-34.756854
84601,2.000000000000000,149.046531,-35.411912
141401,2.000000000000000,150.016516,-35.734047
104940,1.000000000000000,149.404821,-35.977686
78153,2.000000000000000,148.944281,-35.738138
83594,2.000000000000000,149.026752,-35.281528
47087,1.000000000000000,148.411585,-35.312813
83593,2.000000000000000,149.026640,-35.277022
84579,2.000000000000000,149.044030,-35.312790
84578,10.000000000000000,149.043916,-35.308284
43938,1.000000000000000,148.365057,-35.813722
96972,2.000000000000000,149.253517,-35.331602
83596,5.000000000000000,149.026977,-35.290539
31881,1.000000000000000,148.160648,-35.838409
64344,3.000000000000000,148.701011,-35.214423
43940,2.000000000000000,148.365211,-35.822736
70923,2.000000000000000,148.816777,-35.478695
63339,1.000000000000000,148.682030,-35.092973
97971,2.000000000000000,149.272661,-35.425896
107532,1.000000000000000,149.446926,-35.904727
65371,1.000000000000000,148.722162,-35.435006
125302,1.000000000000000,149.726842,-35.177629
29830,1.000000000000000,148.121440,-35.410524
67306,1.000000000000000,148.753149,-35.339897
70924,4.000000000000000,148.816878,-35.483201
65375,1.000000000000000,148.722546,-35.453031
33657,1.000000000000000,148.181942,-35.026747
29834,1.000000000000000,148.121690,-35.428554
120167,1.000000000000000,149.650984,-35.544369
93849,1.000000000000000,149.215520,-35.949784
85584,2.000000000000000,149.063616,-35.434159
84575,1.000000000000000,149.043576,-35.294767
90772,4.000000000000000,149.148346,-35.306473
78120,1.000000000000000,148.940678,-35.589452
85588,1.000000000000000,149.064076,-35.452180
114993,1.000000000000000,149.568867,-35.735432
34656,2.000000000000000,148.199767,-35.121247
140360,1.000000000000000,149.989378,-35.450829
104886,1.000000000000000,149.397482,-35.734464
26697,1.000000000000000,148.074030,-35.983464
